<?xml version="1.0" encoding="UTF-8"?>
<metadata xml:lang="pl"><Esri><CreaDate>20220529</CreaDate><CreaTime>15023300</CreaTime><ArcGISFormat>1.0</ArcGISFormat><SyncOnce>TRUE</SyncOnce><DataProperties><itemProps><itemLocation><linkage Sync="TRUE">file://\\AGATALAPTOP\C$\Users\kneck\Downloads\projekt_zaliczeniowy_aknec1\projekt_zaliczeniowy_aknec\1_projekt_dane\dane_mniejsze2\polska_dem_200.tif</linkage><protocol Sync="TRUE">Local Area Network</protocol></itemLocation></itemProps><copyHistory><copy source="C:\Users\kneck\Downloads\projekt_zaliczeniowy_aknec1\projekt_zaliczeniowy_aknec\1_projekt_dane\dane_mniejsze3\polska_dem_200.tif" dest="\\AGATALAPTOP\C$\Users\kneck\Downloads\projekt_zaliczeniowy_aknec1\projekt_zaliczeniowy_aknec\1_projekt_dane\dane_mniejsze2\polska_dem_200.tif" date="20220529" time="15023300"></copy></copyHistory></DataProperties></Esri></metadata>
