<?xml version="1.0" encoding="UTF-8"?>
<metadata xml:lang="pl"><Esri><CreaDate>20220528</CreaDate><CreaTime>17184800</CreaTime><ArcGISFormat>1.0</ArcGISFormat><SyncOnce>TRUE</SyncOnce><DataProperties><lineage><Process Name="Calculate Field (2)" ToolSource="d:\desktop10.8\ArcToolbox\Toolboxes\Data Management Tools.tbx\CalculateField" Date="20220521" Time="192641">CalculateField "I_rzeki selection_RZEKI_R_" DLUG !shape.length!/1000 PYTHON_9.3 #</Process><Process Name="Calculate Field (2)" ToolSource="d:\desktop10.8\ArcToolbox\Toolboxes\Data Management Tools.tbx\CalculateField" Date="20220521" Time="192843">CalculateField "I_rzeki selection_RZEKI_R_" DLUG !shape.length!/1000 PYTHON_9.3 #</Process><Process Name="Calculate Field (2)" ToolSource="d:\desktop10.8\ArcToolbox\Toolboxes\Data Management Tools.tbx\CalculateField" Date="20220521" Time="193005">CalculateField "I_rzeki selection 2_RZEKI_R_" DLUG !shape.length!/1000 PYTHON_9.3 #</Process><Process Name="Calculate Field (2)" ToolSource="d:\desktop10.8\ArcToolbox\Toolboxes\Data Management Tools.tbx\CalculateField" Date="20220521" Time="193110">CalculateField "I_rzeki selection 3_RZEKI_R_" DLUG !shape.length!/1000 PYTHON_9.3 #</Process><Process Name="Calculate Field (2)" ToolSource="d:\desktop10.8\ArcToolbox\Toolboxes\Data Management Tools.tbx\CalculateField" Date="20220521" Time="193508">CalculateField "I_rzeki selection_RZEKI_R_" DLUG !shape.length!/1000 PYTHON_9.3 #</Process><Process Name="Calculate Field (2)" ToolSource="d:\desktop10.8\ArcToolbox\Toolboxes\Data Management Tools.tbx\CalculateField" Date="20220521" Time="202036">CalculateField "I_rzeki selection 2_RZEKI_R_" DLUG !shape.length!/1000 PYTHON_9.3 #</Process><Process Name="Calculate Field (2)" ToolSource="d:\desktop10.8\ArcToolbox\Toolboxes\Data Management Tools.tbx\CalculateField" Date="20220523" Time="145013">CalculateField I_rzeki_RZEKI_R_ DLUG !shape.length!/1000 PYTHON_9.3 #</Process><Process Name="Calculate Field (2)" ToolSource="d:\desktop10.8\ArcToolbox\Toolboxes\Data Management Tools.tbx\CalculateField" Date="20220523" Time="145021">CalculateField I_rzeki_RZEKI_R_ DLUG !shape.length!/1000 PYTHON_9.3 #</Process><Process Name="Calculate Field (2)" ToolSource="d:\desktop10.8\ArcToolbox\Toolboxes\Data Management Tools.tbx\CalculateField" Date="20220523" Time="145029">CalculateField I_rzeki_RZEKI_R_ DLUG !shape.length!/1000 PYTHON_9.3 #</Process><Process Name="Calculate Field (2)" ToolSource="d:\desktop10.8\ArcToolbox\Toolboxes\Data Management Tools.tbx\CalculateField" Date="20220523" Time="145038">CalculateField I_rzeki_RZEKI_R_ DLUG !shape.length!/1000 PYTHON_9.3 #</Process><Process Name="Calculate Field (2)" ToolSource="d:\desktop10.8\ArcToolbox\Toolboxes\Data Management Tools.tbx\CalculateField" Date="20220523" Time="145046">CalculateField I_rzeki_RZEKI_R_ DLUG !shape.length!/1000 PYTHON_9.3 #</Process><Process Name="Calculate Field (2)" ToolSource="d:\desktop10.8\ArcToolbox\Toolboxes\Data Management Tools.tbx\CalculateField" Date="20220523" Time="145055">CalculateField I_rzeki_RZEKI_R_ DLUG !shape.length!/1000 PYTHON_9.3 #</Process><Process Name="Calculate Field (2)" ToolSource="d:\desktop10.8\ArcToolbox\Toolboxes\Data Management Tools.tbx\CalculateField" Date="20220523" Time="145103">CalculateField I_rzeki_RZEKI_R_ DLUG !shape.length!/1000 PYTHON_9.3 #</Process><Process Name="Calculate Field (2)" ToolSource="d:\desktop10.8\ArcToolbox\Toolboxes\Data Management Tools.tbx\CalculateField" Date="20220523" Time="145111">CalculateField I_rzeki_RZEKI_R_ DLUG !shape.length!/1000 PYTHON_9.3 #</Process><Process Name="Calculate Field (2)" ToolSource="d:\desktop10.8\ArcToolbox\Toolboxes\Data Management Tools.tbx\CalculateField" Date="20220523" Time="145119">CalculateField I_rzeki_RZEKI_R_ DLUG !shape.length!/1000 PYTHON_9.3 #</Process><Process Name="Calculate Field (2)" ToolSource="d:\desktop10.8\ArcToolbox\Toolboxes\Data Management Tools.tbx\CalculateField" Date="20220523" Time="145127">CalculateField I_rzeki_RZEKI_R_ DLUG !shape.length!/1000 PYTHON_9.3 #</Process><Process Name="Calculate Field (2)" ToolSource="d:\desktop10.8\ArcToolbox\Toolboxes\Data Management Tools.tbx\CalculateField" Date="20220523" Time="145136">CalculateField I_rzeki_RZEKI_R_ DLUG !shape.length!/1000 PYTHON_9.3 #</Process><Process Name="Calculate Field (2)" ToolSource="d:\desktop10.8\ArcToolbox\Toolboxes\Data Management Tools.tbx\CalculateField" Date="20220523" Time="145144">CalculateField I_rzeki_RZEKI_R_ DLUG !shape.length!/1000 PYTHON_9.3 #</Process><Process Name="Calculate Field (2)" ToolSource="d:\desktop10.8\ArcToolbox\Toolboxes\Data Management Tools.tbx\CalculateField" Date="20220523" Time="145152">CalculateField I_rzeki_RZEKI_R_ DLUG !shape.length!/1000 PYTHON_9.3 #</Process><Process Name="Calculate Field (2)" ToolSource="d:\desktop10.8\ArcToolbox\Toolboxes\Data Management Tools.tbx\CalculateField" Date="20220523" Time="145200">CalculateField I_rzeki_RZEKI_R_ DLUG !shape.length!/1000 PYTHON_9.3 #</Process><Process Name="Calculate Field (2)" ToolSource="d:\desktop10.8\ArcToolbox\Toolboxes\Data Management Tools.tbx\CalculateField" Date="20220523" Time="145209">CalculateField I_rzeki_RZEKI_R_ DLUG !shape.length!/1000 PYTHON_9.3 #</Process><Process Name="Calculate Field (2)" ToolSource="d:\desktop10.8\ArcToolbox\Toolboxes\Data Management Tools.tbx\CalculateField" Date="20220523" Time="145217">CalculateField I_rzeki_RZEKI_R_ DLUG !shape.length!/1000 PYTHON_9.3 #</Process><Process Name="Calculate Field (2)" ToolSource="d:\desktop10.8\ArcToolbox\Toolboxes\Data Management Tools.tbx\CalculateField" Date="20220523" Time="145225">CalculateField I_rzeki_RZEKI_R_ DLUG !shape.length!/1000 PYTHON_9.3 #</Process><Process Name="Calculate Field (2)" ToolSource="d:\desktop10.8\ArcToolbox\Toolboxes\Data Management Tools.tbx\CalculateField" Date="20220523" Time="145234">CalculateField I_rzeki_RZEKI_R_ DLUG !shape.length!/1000 PYTHON_9.3 #</Process><Process Name="Calculate Field (2)" ToolSource="d:\desktop10.8\ArcToolbox\Toolboxes\Data Management Tools.tbx\CalculateField" Date="20220523" Time="145243">CalculateField I_rzeki_RZEKI_R_ DLUG !shape.length!/1000 PYTHON_9.3 #</Process><Process Name="Calculate Field (2)" ToolSource="d:\desktop10.8\ArcToolbox\Toolboxes\Data Management Tools.tbx\CalculateField" Date="20220523" Time="145252">CalculateField I_rzeki_RZEKI_R_ DLUG !shape.length!/1000 PYTHON_9.3 #</Process><Process Name="Calculate Field (2)" ToolSource="d:\desktop10.8\ArcToolbox\Toolboxes\Data Management Tools.tbx\CalculateField" Date="20220523" Time="145301">CalculateField I_rzeki_RZEKI_R_ DLUG !shape.length!/1000 PYTHON_9.3 #</Process><Process Name="Calculate Field (2)" ToolSource="d:\desktop10.8\ArcToolbox\Toolboxes\Data Management Tools.tbx\CalculateField" Date="20220523" Time="145310">CalculateField I_rzeki_RZEKI_R_ DLUG !shape.length!/1000 PYTHON_9.3 #</Process><Process Name="Calculate Field (2)" ToolSource="d:\desktop10.8\ArcToolbox\Toolboxes\Data Management Tools.tbx\CalculateField" Date="20220523" Time="145319">CalculateField I_rzeki_RZEKI_R_ DLUG !shape.length!/1000 PYTHON_9.3 #</Process><Process Name="Calculate Field (2)" ToolSource="d:\desktop10.8\ArcToolbox\Toolboxes\Data Management Tools.tbx\CalculateField" Date="20220523" Time="145328">CalculateField I_rzeki_RZEKI_R_ DLUG !shape.length!/1000 PYTHON_9.3 #</Process><Process Name="Calculate Field (2)" ToolSource="d:\desktop10.8\ArcToolbox\Toolboxes\Data Management Tools.tbx\CalculateField" Date="20220523" Time="145337">CalculateField I_rzeki_RZEKI_R_ DLUG !shape.length!/1000 PYTHON_9.3 #</Process><Process Name="Calculate Field (2)" ToolSource="d:\desktop10.8\ArcToolbox\Toolboxes\Data Management Tools.tbx\CalculateField" Date="20220523" Time="145347">CalculateField I_rzeki_RZEKI_R_ DLUG !shape.length!/1000 PYTHON_9.3 #</Process><Process Name="Calculate Field (2)" ToolSource="d:\desktop10.8\ArcToolbox\Toolboxes\Data Management Tools.tbx\CalculateField" Date="20220523" Time="145358">CalculateField I_rzeki_RZEKI_R_ DLUG !shape.length!/1000 PYTHON_9.3 #</Process><Process Name="Calculate Field (2)" ToolSource="d:\desktop10.8\ArcToolbox\Toolboxes\Data Management Tools.tbx\CalculateField" Date="20220523" Time="145407">CalculateField I_rzeki_RZEKI_R_ DLUG !shape.length!/1000 PYTHON_9.3 #</Process><Process Name="Calculate Field (2)" ToolSource="d:\desktop10.8\ArcToolbox\Toolboxes\Data Management Tools.tbx\CalculateField" Date="20220523" Time="145417">CalculateField I_rzeki_RZEKI_R_ DLUG !shape.length!/1000 PYTHON_9.3 #</Process><Process Name="Calculate Field (2)" ToolSource="d:\desktop10.8\ArcToolbox\Toolboxes\Data Management Tools.tbx\CalculateField" Date="20220523" Time="145427">CalculateField I_rzeki_RZEKI_R_ DLUG !shape.length!/1000 PYTHON_9.3 #</Process><Process Name="Calculate Field (2)" ToolSource="d:\desktop10.8\ArcToolbox\Toolboxes\Data Management Tools.tbx\CalculateField" Date="20220523" Time="145437">CalculateField I_rzeki_RZEKI_R_ DLUG !shape.length!/1000 PYTHON_9.3 #</Process><Process Name="Calculate Field (2)" ToolSource="d:\desktop10.8\ArcToolbox\Toolboxes\Data Management Tools.tbx\CalculateField" Date="20220523" Time="145447">CalculateField I_rzeki_RZEKI_R_ DLUG !shape.length!/1000 PYTHON_9.3 #</Process><Process Name="Calculate Field (2)" ToolSource="d:\desktop10.8\ArcToolbox\Toolboxes\Data Management Tools.tbx\CalculateField" Date="20220523" Time="145458">CalculateField I_rzeki_RZEKI_R_ DLUG !shape.length!/1000 PYTHON_9.3 #</Process><Process Name="Calculate Field (2)" ToolSource="d:\desktop10.8\ArcToolbox\Toolboxes\Data Management Tools.tbx\CalculateField" Date="20220523" Time="145509">CalculateField I_rzeki_RZEKI_R_ DLUG !shape.length!/1000 PYTHON_9.3 #</Process><Process Name="Calculate Field (2)" ToolSource="d:\desktop10.8\ArcToolbox\Toolboxes\Data Management Tools.tbx\CalculateField" Date="20220523" Time="145519">CalculateField I_rzeki_RZEKI_R_ DLUG !shape.length!/1000 PYTHON_9.3 #</Process><Process Name="Calculate Field (2)" ToolSource="d:\desktop10.8\ArcToolbox\Toolboxes\Data Management Tools.tbx\CalculateField" Date="20220523" Time="145530">CalculateField I_rzeki_RZEKI_R_ DLUG !shape.length!/1000 PYTHON_9.3 #</Process><Process Name="Calculate Field (2)" ToolSource="d:\desktop10.8\ArcToolbox\Toolboxes\Data Management Tools.tbx\CalculateField" Date="20220523" Time="145541">CalculateField I_rzeki_RZEKI_R_ DLUG !shape.length!/1000 PYTHON_9.3 #</Process><Process Name="Calculate Field (2)" ToolSource="d:\desktop10.8\ArcToolbox\Toolboxes\Data Management Tools.tbx\CalculateField" Date="20220523" Time="145551">CalculateField I_rzeki_RZEKI_R_ DLUG !shape.length!/1000 PYTHON_9.3 #</Process><Process Name="Calculate Field (2)" ToolSource="d:\desktop10.8\ArcToolbox\Toolboxes\Data Management Tools.tbx\CalculateField" Date="20220523" Time="145603">CalculateField I_rzeki_RZEKI_R_ DLUG !shape.length!/1000 PYTHON_9.3 #</Process><Process Name="Calculate Field (2)" ToolSource="d:\desktop10.8\ArcToolbox\Toolboxes\Data Management Tools.tbx\CalculateField" Date="20220523" Time="145614">CalculateField I_rzeki_RZEKI_R_ DLUG !shape.length!/1000 PYTHON_9.3 #</Process><Process Name="Calculate Field (2)" ToolSource="d:\desktop10.8\ArcToolbox\Toolboxes\Data Management Tools.tbx\CalculateField" Date="20220523" Time="145625">CalculateField I_rzeki_RZEKI_R_ DLUG !shape.length!/1000 PYTHON_9.3 #</Process><Process Name="Calculate Field (2)" ToolSource="d:\desktop10.8\ArcToolbox\Toolboxes\Data Management Tools.tbx\CalculateField" Date="20220523" Time="145636">CalculateField I_rzeki_RZEKI_R_ DLUG !shape.length!/1000 PYTHON_9.3 #</Process><Process Name="Calculate Field (2)" ToolSource="d:\desktop10.8\ArcToolbox\Toolboxes\Data Management Tools.tbx\CalculateField" Date="20220523" Time="145647">CalculateField I_rzeki_RZEKI_R_ DLUG !shape.length!/1000 PYTHON_9.3 #</Process><Process Name="Calculate Field (2)" ToolSource="d:\desktop10.8\ArcToolbox\Toolboxes\Data Management Tools.tbx\CalculateField" Date="20220523" Time="145659">CalculateField I_rzeki_RZEKI_R_ DLUG !shape.length!/1000 PYTHON_9.3 #</Process><Process Name="Calculate Field (2)" ToolSource="d:\desktop10.8\ArcToolbox\Toolboxes\Data Management Tools.tbx\CalculateField" Date="20220523" Time="145709">CalculateField I_rzeki_RZEKI_R_ DLUG !shape.length!/1000 PYTHON_9.3 #</Process><Process Name="Calculate Field (2)" ToolSource="d:\desktop10.8\ArcToolbox\Toolboxes\Data Management Tools.tbx\CalculateField" Date="20220523" Time="145720">CalculateField I_rzeki_RZEKI_R_ DLUG !shape.length!/1000 PYTHON_9.3 #</Process><Process Name="Calculate Field (2)" ToolSource="d:\desktop10.8\ArcToolbox\Toolboxes\Data Management Tools.tbx\CalculateField" Date="20220523" Time="145732">CalculateField I_rzeki_RZEKI_R_ DLUG !shape.length!/1000 PYTHON_9.3 #</Process><Process Name="Calculate Field (2)" ToolSource="d:\desktop10.8\ArcToolbox\Toolboxes\Data Management Tools.tbx\CalculateField" Date="20220523" Time="145744">CalculateField I_rzeki_RZEKI_R_ DLUG !shape.length!/1000 PYTHON_9.3 #</Process><Process Name="Calculate Field (2)" ToolSource="d:\desktop10.8\ArcToolbox\Toolboxes\Data Management Tools.tbx\CalculateField" Date="20220523" Time="145755">CalculateField I_rzeki_RZEKI_R_ DLUG !shape.length!/1000 PYTHON_9.3 #</Process><Process Name="Calculate Field (2)" ToolSource="d:\desktop10.8\ArcToolbox\Toolboxes\Data Management Tools.tbx\CalculateField" Date="20220523" Time="145806">CalculateField I_rzeki_RZEKI_R_ DLUG !shape.length!/1000 PYTHON_9.3 #</Process><Process Name="Calculate Field (2)" ToolSource="d:\desktop10.8\ArcToolbox\Toolboxes\Data Management Tools.tbx\CalculateField" Date="20220523" Time="145818">CalculateField I_rzeki_RZEKI_R_ DLUG !shape.length!/1000 PYTHON_9.3 #</Process><Process Name="Calculate Field (2)" ToolSource="d:\desktop10.8\ArcToolbox\Toolboxes\Data Management Tools.tbx\CalculateField" Date="20220523" Time="145830">CalculateField I_rzeki_RZEKI_R_ DLUG !shape.length!/1000 PYTHON_9.3 #</Process><Process Name="Calculate Field (2)" ToolSource="d:\desktop10.8\ArcToolbox\Toolboxes\Data Management Tools.tbx\CalculateField" Date="20220523" Time="145842">CalculateField I_rzeki_RZEKI_R_ DLUG !shape.length!/1000 PYTHON_9.3 #</Process><Process Name="Calculate Field (2)" ToolSource="d:\desktop10.8\ArcToolbox\Toolboxes\Data Management Tools.tbx\CalculateField" Date="20220523" Time="145854">CalculateField I_rzeki_RZEKI_R_ DLUG !shape.length!/1000 PYTHON_9.3 #</Process><Process Name="Calculate Field (2)" ToolSource="d:\desktop10.8\ArcToolbox\Toolboxes\Data Management Tools.tbx\CalculateField" Date="20220523" Time="145906">CalculateField I_rzeki_RZEKI_R_ DLUG !shape.length!/1000 PYTHON_9.3 #</Process><Process Name="Calculate Field (2)" ToolSource="d:\desktop10.8\ArcToolbox\Toolboxes\Data Management Tools.tbx\CalculateField" Date="20220523" Time="145918">CalculateField I_rzeki_RZEKI_R_ DLUG !shape.length!/1000 PYTHON_9.3 #</Process><Process Name="Calculate Field (2)" ToolSource="d:\desktop10.8\ArcToolbox\Toolboxes\Data Management Tools.tbx\CalculateField" Date="20220523" Time="145930">CalculateField I_rzeki_RZEKI_R_ DLUG !shape.length!/1000 PYTHON_9.3 #</Process><Process Name="Calculate Field (2)" ToolSource="d:\desktop10.8\ArcToolbox\Toolboxes\Data Management Tools.tbx\CalculateField" Date="20220523" Time="145942">CalculateField I_rzeki_RZEKI_R_ DLUG !shape.length!/1000 PYTHON_9.3 #</Process><Process Name="Calculate Field (2)" ToolSource="d:\desktop10.8\ArcToolbox\Toolboxes\Data Management Tools.tbx\CalculateField" Date="20220523" Time="145954">CalculateField I_rzeki_RZEKI_R_ DLUG !shape.length!/1000 PYTHON_9.3 #</Process><Process Name="Calculate Field (2)" ToolSource="d:\desktop10.8\ArcToolbox\Toolboxes\Data Management Tools.tbx\CalculateField" Date="20220523" Time="150007">CalculateField I_rzeki_RZEKI_R_ DLUG !shape.length!/1000 PYTHON_9.3 #</Process><Process Name="Calculate Field (2)" ToolSource="d:\desktop10.8\ArcToolbox\Toolboxes\Data Management Tools.tbx\CalculateField" Date="20220523" Time="150019">CalculateField I_rzeki_RZEKI_R_ DLUG !shape.length!/1000 PYTHON_9.3 #</Process><Process Name="Calculate Field (2)" ToolSource="d:\desktop10.8\ArcToolbox\Toolboxes\Data Management Tools.tbx\CalculateField" Date="20220523" Time="150031">CalculateField I_rzeki_RZEKI_R_ DLUG !shape.length!/1000 PYTHON_9.3 #</Process><Process Name="Calculate Field (2)" ToolSource="d:\desktop10.8\ArcToolbox\Toolboxes\Data Management Tools.tbx\CalculateField" Date="20220523" Time="150044">CalculateField I_rzeki_RZEKI_R_ DLUG !shape.length!/1000 PYTHON_9.3 #</Process><Process Name="Calculate Field (2)" ToolSource="d:\desktop10.8\ArcToolbox\Toolboxes\Data Management Tools.tbx\CalculateField" Date="20220523" Time="150056">CalculateField I_rzeki_RZEKI_R_ DLUG !shape.length!/1000 PYTHON_9.3 #</Process><Process Name="Calculate Field (2)" ToolSource="d:\desktop10.8\ArcToolbox\Toolboxes\Data Management Tools.tbx\CalculateField" Date="20220523" Time="150110">CalculateField I_rzeki_RZEKI_R_ DLUG !shape.length!/1000 PYTHON_9.3 #</Process><Process Name="Calculate Field (2)" ToolSource="d:\desktop10.8\ArcToolbox\Toolboxes\Data Management Tools.tbx\CalculateField" Date="20220523" Time="150123">CalculateField I_rzeki_RZEKI_R_ DLUG !shape.length!/1000 PYTHON_9.3 #</Process><Process Name="Calculate Field (2)" ToolSource="d:\desktop10.8\ArcToolbox\Toolboxes\Data Management Tools.tbx\CalculateField" Date="20220523" Time="150137">CalculateField I_rzeki_RZEKI_R_ DLUG !shape.length!/1000 PYTHON_9.3 #</Process><Process Name="Calculate Field (2)" ToolSource="d:\desktop10.8\ArcToolbox\Toolboxes\Data Management Tools.tbx\CalculateField" Date="20220523" Time="150150">CalculateField I_rzeki_RZEKI_R_ DLUG !shape.length!/1000 PYTHON_9.3 #</Process><Process Name="Calculate Field (2)" ToolSource="d:\desktop10.8\ArcToolbox\Toolboxes\Data Management Tools.tbx\CalculateField" Date="20220523" Time="150203">CalculateField I_rzeki_RZEKI_R_ DLUG !shape.length!/1000 PYTHON_9.3 #</Process><Process Name="Calculate Field (2)" ToolSource="d:\desktop10.8\ArcToolbox\Toolboxes\Data Management Tools.tbx\CalculateField" Date="20220523" Time="150217">CalculateField I_rzeki_RZEKI_R_ DLUG !shape.length!/1000 PYTHON_9.3 #</Process><Process Name="Calculate Field (2)" ToolSource="d:\desktop10.8\ArcToolbox\Toolboxes\Data Management Tools.tbx\CalculateField" Date="20220523" Time="150231">CalculateField I_rzeki_RZEKI_R_ DLUG !shape.length!/1000 PYTHON_9.3 #</Process><Process Name="Calculate Field (2)" ToolSource="d:\desktop10.8\ArcToolbox\Toolboxes\Data Management Tools.tbx\CalculateField" Date="20220523" Time="150245">CalculateField I_rzeki_RZEKI_R_ DLUG !shape.length!/1000 PYTHON_9.3 #</Process><Process Name="Calculate Field (2)" ToolSource="d:\desktop10.8\ArcToolbox\Toolboxes\Data Management Tools.tbx\CalculateField" Date="20220523" Time="150259">CalculateField I_rzeki_RZEKI_R_ DLUG !shape.length!/1000 PYTHON_9.3 #</Process><Process Name="Calculate Field (2)" ToolSource="d:\desktop10.8\ArcToolbox\Toolboxes\Data Management Tools.tbx\CalculateField" Date="20220523" Time="150312">CalculateField I_rzeki_RZEKI_R_ DLUG !shape.length!/1000 PYTHON_9.3 #</Process><Process Name="Calculate Field (2)" ToolSource="d:\desktop10.8\ArcToolbox\Toolboxes\Data Management Tools.tbx\CalculateField" Date="20220523" Time="150326">CalculateField I_rzeki_RZEKI_R_ DLUG !shape.length!/1000 PYTHON_9.3 #</Process><Process Name="Calculate Field (2)" ToolSource="d:\desktop10.8\ArcToolbox\Toolboxes\Data Management Tools.tbx\CalculateField" Date="20220523" Time="150340">CalculateField I_rzeki_RZEKI_R_ DLUG !shape.length!/1000 PYTHON_9.3 #</Process><Process Name="Calculate Field (2)" ToolSource="d:\desktop10.8\ArcToolbox\Toolboxes\Data Management Tools.tbx\CalculateField" Date="20220523" Time="150358">CalculateField I_rzeki_RZEKI_R_ DLUG !shape.length!/1000 PYTHON_9.3 #</Process><Process Name="Calculate Field (2)" ToolSource="d:\desktop10.8\ArcToolbox\Toolboxes\Data Management Tools.tbx\CalculateField" Date="20220523" Time="150412">CalculateField I_rzeki_RZEKI_R_ DLUG !shape.length!/1000 PYTHON_9.3 #</Process><Process Name="Calculate Field (2)" ToolSource="d:\desktop10.8\ArcToolbox\Toolboxes\Data Management Tools.tbx\CalculateField" Date="20220523" Time="150426">CalculateField I_rzeki_RZEKI_R_ DLUG !shape.length!/1000 PYTHON_9.3 #</Process><Process Name="Calculate Field (2)" ToolSource="d:\desktop10.8\ArcToolbox\Toolboxes\Data Management Tools.tbx\CalculateField" Date="20220523" Time="150441">CalculateField I_rzeki_RZEKI_R_ DLUG !shape.length!/1000 PYTHON_9.3 #</Process><Process Name="Calculate Field (2)" ToolSource="d:\desktop10.8\ArcToolbox\Toolboxes\Data Management Tools.tbx\CalculateField" Date="20220523" Time="150454">CalculateField I_rzeki_RZEKI_R_ DLUG !shape.length!/1000 PYTHON_9.3 #</Process><Process Name="Calculate Field (2)" ToolSource="d:\desktop10.8\ArcToolbox\Toolboxes\Data Management Tools.tbx\CalculateField" Date="20220523" Time="150507">CalculateField I_rzeki_RZEKI_R_ DLUG !shape.length!/1000 PYTHON_9.3 #</Process><Process Name="Calculate Field (2)" ToolSource="d:\desktop10.8\ArcToolbox\Toolboxes\Data Management Tools.tbx\CalculateField" Date="20220523" Time="150520">CalculateField I_rzeki_RZEKI_R_ DLUG !shape.length!/1000 PYTHON_9.3 #</Process><Process Name="Calculate Field (2)" ToolSource="d:\desktop10.8\ArcToolbox\Toolboxes\Data Management Tools.tbx\CalculateField" Date="20220523" Time="150535">CalculateField I_rzeki_RZEKI_R_ DLUG !shape.length!/1000 PYTHON_9.3 #</Process><Process Name="Calculate Field (2)" ToolSource="d:\desktop10.8\ArcToolbox\Toolboxes\Data Management Tools.tbx\CalculateField" Date="20220523" Time="150549">CalculateField I_rzeki_RZEKI_R_ DLUG !shape.length!/1000 PYTHON_9.3 #</Process><Process Name="Calculate Field (2)" ToolSource="d:\desktop10.8\ArcToolbox\Toolboxes\Data Management Tools.tbx\CalculateField" Date="20220523" Time="150604">CalculateField I_rzeki_RZEKI_R_ DLUG !shape.length!/1000 PYTHON_9.3 #</Process><Process Name="Calculate Field (2)" ToolSource="d:\desktop10.8\ArcToolbox\Toolboxes\Data Management Tools.tbx\CalculateField" Date="20220523" Time="150618">CalculateField I_rzeki_RZEKI_R_ DLUG !shape.length!/1000 PYTHON_9.3 #</Process><Process Name="Calculate Field (2)" ToolSource="d:\desktop10.8\ArcToolbox\Toolboxes\Data Management Tools.tbx\CalculateField" Date="20220523" Time="150633">CalculateField I_rzeki_RZEKI_R_ DLUG !shape.length!/1000 PYTHON_9.3 #</Process><Process Name="Calculate Field (2)" ToolSource="d:\desktop10.8\ArcToolbox\Toolboxes\Data Management Tools.tbx\CalculateField" Date="20220523" Time="150648">CalculateField I_rzeki_RZEKI_R_ DLUG !shape.length!/1000 PYTHON_9.3 #</Process><Process Name="Calculate Field (2)" ToolSource="d:\desktop10.8\ArcToolbox\Toolboxes\Data Management Tools.tbx\CalculateField" Date="20220523" Time="150705">CalculateField I_rzeki_RZEKI_R_ DLUG !shape.length!/1000 PYTHON_9.3 #</Process><Process Name="Calculate Field (2)" ToolSource="d:\desktop10.8\ArcToolbox\Toolboxes\Data Management Tools.tbx\CalculateField" Date="20220523" Time="150720">CalculateField I_rzeki_RZEKI_R_ DLUG !shape.length!/1000 PYTHON_9.3 #</Process><Process Name="Calculate Field (2)" ToolSource="d:\desktop10.8\ArcToolbox\Toolboxes\Data Management Tools.tbx\CalculateField" Date="20220523" Time="150735">CalculateField I_rzeki_RZEKI_R_ DLUG !shape.length!/1000 PYTHON_9.3 #</Process><Process Name="Calculate Field (2)" ToolSource="d:\desktop10.8\ArcToolbox\Toolboxes\Data Management Tools.tbx\CalculateField" Date="20220523" Time="150750">CalculateField I_rzeki_RZEKI_R_ DLUG !shape.length!/1000 PYTHON_9.3 #</Process><Process Name="Calculate Field (2)" ToolSource="d:\desktop10.8\ArcToolbox\Toolboxes\Data Management Tools.tbx\CalculateField" Date="20220523" Time="150805">CalculateField I_rzeki_RZEKI_R_ DLUG !shape.length!/1000 PYTHON_9.3 #</Process><Process Name="Calculate Field (2)" ToolSource="d:\desktop10.8\ArcToolbox\Toolboxes\Data Management Tools.tbx\CalculateField" Date="20220523" Time="150820">CalculateField I_rzeki_RZEKI_R_ DLUG !shape.length!/1000 PYTHON_9.3 #</Process><Process Name="Calculate Field (2)" ToolSource="d:\desktop10.8\ArcToolbox\Toolboxes\Data Management Tools.tbx\CalculateField" Date="20220523" Time="150835">CalculateField I_rzeki_RZEKI_R_ DLUG !shape.length!/1000 PYTHON_9.3 #</Process><Process Name="Calculate Field (2)" ToolSource="d:\desktop10.8\ArcToolbox\Toolboxes\Data Management Tools.tbx\CalculateField" Date="20220523" Time="150849">CalculateField I_rzeki_RZEKI_R_ DLUG !shape.length!/1000 PYTHON_9.3 #</Process><Process Name="Calculate Field (2)" ToolSource="d:\desktop10.8\ArcToolbox\Toolboxes\Data Management Tools.tbx\CalculateField" Date="20220523" Time="150904">CalculateField I_rzeki_RZEKI_R_ DLUG !shape.length!/1000 PYTHON_9.3 #</Process><Process Name="Calculate Field (2)" ToolSource="d:\desktop10.8\ArcToolbox\Toolboxes\Data Management Tools.tbx\CalculateField" Date="20220523" Time="150918">CalculateField I_rzeki_RZEKI_R_ DLUG !shape.length!/1000 PYTHON_9.3 #</Process><Process Name="Calculate Field (2)" ToolSource="d:\desktop10.8\ArcToolbox\Toolboxes\Data Management Tools.tbx\CalculateField" Date="20220523" Time="150933">CalculateField I_rzeki_RZEKI_R_ DLUG !shape.length!/1000 PYTHON_9.3 #</Process><Process Name="Calculate Field (2)" ToolSource="d:\desktop10.8\ArcToolbox\Toolboxes\Data Management Tools.tbx\CalculateField" Date="20220523" Time="150948">CalculateField I_rzeki_RZEKI_R_ DLUG !shape.length!/1000 PYTHON_9.3 #</Process><Process Name="Calculate Field (2)" ToolSource="d:\desktop10.8\ArcToolbox\Toolboxes\Data Management Tools.tbx\CalculateField" Date="20220523" Time="151002">CalculateField I_rzeki_RZEKI_R_ DLUG !shape.length!/1000 PYTHON_9.3 #</Process><Process Name="Calculate Field (2)" ToolSource="d:\desktop10.8\ArcToolbox\Toolboxes\Data Management Tools.tbx\CalculateField" Date="20220523" Time="151017">CalculateField I_rzeki_RZEKI_R_ DLUG !shape.length!/1000 PYTHON_9.3 #</Process><Process Name="Calculate Field (2)" ToolSource="d:\desktop10.8\ArcToolbox\Toolboxes\Data Management Tools.tbx\CalculateField" Date="20220523" Time="151032">CalculateField I_rzeki_RZEKI_R_ DLUG !shape.length!/1000 PYTHON_9.3 #</Process><Process Name="Calculate Field (2)" ToolSource="d:\desktop10.8\ArcToolbox\Toolboxes\Data Management Tools.tbx\CalculateField" Date="20220523" Time="151047">CalculateField I_rzeki_RZEKI_R_ DLUG !shape.length!/1000 PYTHON_9.3 #</Process><Process Name="Calculate Field (2)" ToolSource="d:\desktop10.8\ArcToolbox\Toolboxes\Data Management Tools.tbx\CalculateField" Date="20220523" Time="151103">CalculateField I_rzeki_RZEKI_R_ DLUG !shape.length!/1000 PYTHON_9.3 #</Process><Process Name="Calculate Field (2)" ToolSource="d:\desktop10.8\ArcToolbox\Toolboxes\Data Management Tools.tbx\CalculateField" Date="20220523" Time="151118">CalculateField I_rzeki_RZEKI_R_ DLUG !shape.length!/1000 PYTHON_9.3 #</Process><Process Name="Calculate Field (2)" ToolSource="d:\desktop10.8\ArcToolbox\Toolboxes\Data Management Tools.tbx\CalculateField" Date="20220523" Time="151133">CalculateField I_rzeki_RZEKI_R_ DLUG !shape.length!/1000 PYTHON_9.3 #</Process><Process Name="Calculate Field (2)" ToolSource="d:\desktop10.8\ArcToolbox\Toolboxes\Data Management Tools.tbx\CalculateField" Date="20220523" Time="151149">CalculateField I_rzeki_RZEKI_R_ DLUG !shape.length!/1000 PYTHON_9.3 #</Process><Process Name="Calculate Field (2)" ToolSource="d:\desktop10.8\ArcToolbox\Toolboxes\Data Management Tools.tbx\CalculateField" Date="20220523" Time="151205">CalculateField I_rzeki_RZEKI_R_ DLUG !shape.length!/1000 PYTHON_9.3 #</Process><Process Name="Calculate Field (2)" ToolSource="d:\desktop10.8\ArcToolbox\Toolboxes\Data Management Tools.tbx\CalculateField" Date="20220523" Time="151220">CalculateField I_rzeki_RZEKI_R_ DLUG !shape.length!/1000 PYTHON_9.3 #</Process><Process Name="Calculate Field (2)" ToolSource="d:\desktop10.8\ArcToolbox\Toolboxes\Data Management Tools.tbx\CalculateField" Date="20220523" Time="151236">CalculateField I_rzeki_RZEKI_R_ DLUG !shape.length!/1000 PYTHON_9.3 #</Process><Process Name="Calculate Field (2)" ToolSource="d:\desktop10.8\ArcToolbox\Toolboxes\Data Management Tools.tbx\CalculateField" Date="20220523" Time="151252">CalculateField I_rzeki_RZEKI_R_ DLUG !shape.length!/1000 PYTHON_9.3 #</Process><Process Name="Calculate Field (2)" ToolSource="d:\desktop10.8\ArcToolbox\Toolboxes\Data Management Tools.tbx\CalculateField" Date="20220523" Time="151307">CalculateField I_rzeki_RZEKI_R_ DLUG !shape.length!/1000 PYTHON_9.3 #</Process><Process Name="Calculate Field (2)" ToolSource="d:\desktop10.8\ArcToolbox\Toolboxes\Data Management Tools.tbx\CalculateField" Date="20220523" Time="151323">CalculateField I_rzeki_RZEKI_R_ DLUG !shape.length!/1000 PYTHON_9.3 #</Process><Process Name="Calculate Field (2)" ToolSource="d:\desktop10.8\ArcToolbox\Toolboxes\Data Management Tools.tbx\CalculateField" Date="20220523" Time="151340">CalculateField I_rzeki_RZEKI_R_ DLUG !shape.length!/1000 PYTHON_9.3 #</Process><Process Name="Calculate Field (2)" ToolSource="d:\desktop10.8\ArcToolbox\Toolboxes\Data Management Tools.tbx\CalculateField" Date="20220523" Time="151356">CalculateField I_rzeki_RZEKI_R_ DLUG !shape.length!/1000 PYTHON_9.3 #</Process><Process Name="Calculate Field (2)" ToolSource="d:\desktop10.8\ArcToolbox\Toolboxes\Data Management Tools.tbx\CalculateField" Date="20220523" Time="151412">CalculateField I_rzeki_RZEKI_R_ DLUG !shape.length!/1000 PYTHON_9.3 #</Process><Process Name="Calculate Field (2)" ToolSource="d:\desktop10.8\ArcToolbox\Toolboxes\Data Management Tools.tbx\CalculateField" Date="20220523" Time="151428">CalculateField I_rzeki_RZEKI_R_ DLUG !shape.length!/1000 PYTHON_9.3 #</Process><Process Name="Calculate Field (2)" ToolSource="d:\desktop10.8\ArcToolbox\Toolboxes\Data Management Tools.tbx\CalculateField" Date="20220523" Time="151445">CalculateField I_rzeki_RZEKI_R_ DLUG !shape.length!/1000 PYTHON_9.3 #</Process><Process Name="Calculate Field (2)" ToolSource="d:\desktop10.8\ArcToolbox\Toolboxes\Data Management Tools.tbx\CalculateField" Date="20220523" Time="151501">CalculateField I_rzeki_RZEKI_R_ DLUG !shape.length!/1000 PYTHON_9.3 #</Process><Process Name="Calculate Field (2)" ToolSource="d:\desktop10.8\ArcToolbox\Toolboxes\Data Management Tools.tbx\CalculateField" Date="20220523" Time="151518">CalculateField I_rzeki_RZEKI_R_ DLUG !shape.length!/1000 PYTHON_9.3 #</Process><Process Name="Calculate Field (2)" ToolSource="d:\desktop10.8\ArcToolbox\Toolboxes\Data Management Tools.tbx\CalculateField" Date="20220523" Time="151534">CalculateField I_rzeki_RZEKI_R_ DLUG !shape.length!/1000 PYTHON_9.3 #</Process><Process Name="Calculate Field (2)" ToolSource="d:\desktop10.8\ArcToolbox\Toolboxes\Data Management Tools.tbx\CalculateField" Date="20220523" Time="151551">CalculateField I_rzeki_RZEKI_R_ DLUG !shape.length!/1000 PYTHON_9.3 #</Process><Process Name="Calculate Field (2)" ToolSource="d:\desktop10.8\ArcToolbox\Toolboxes\Data Management Tools.tbx\CalculateField" Date="20220523" Time="151608">CalculateField I_rzeki_RZEKI_R_ DLUG !shape.length!/1000 PYTHON_9.3 #</Process><Process Name="Calculate Field (2)" ToolSource="d:\desktop10.8\ArcToolbox\Toolboxes\Data Management Tools.tbx\CalculateField" Date="20220523" Time="151625">CalculateField I_rzeki_RZEKI_R_ DLUG !shape.length!/1000 PYTHON_9.3 #</Process><Process Name="Calculate Field (2)" ToolSource="d:\desktop10.8\ArcToolbox\Toolboxes\Data Management Tools.tbx\CalculateField" Date="20220523" Time="151641">CalculateField I_rzeki_RZEKI_R_ DLUG !shape.length!/1000 PYTHON_9.3 #</Process><Process Name="Calculate Field (2)" ToolSource="d:\desktop10.8\ArcToolbox\Toolboxes\Data Management Tools.tbx\CalculateField" Date="20220523" Time="151658">CalculateField I_rzeki_RZEKI_R_ DLUG !shape.length!/1000 PYTHON_9.3 #</Process><Process Name="Calculate Field (2)" ToolSource="d:\desktop10.8\ArcToolbox\Toolboxes\Data Management Tools.tbx\CalculateField" Date="20220523" Time="151715">CalculateField I_rzeki_RZEKI_R_ DLUG !shape.length!/1000 PYTHON_9.3 #</Process><Process Name="Calculate Field (2)" ToolSource="d:\desktop10.8\ArcToolbox\Toolboxes\Data Management Tools.tbx\CalculateField" Date="20220523" Time="151733">CalculateField I_rzeki_RZEKI_R_ DLUG !shape.length!/1000 PYTHON_9.3 #</Process><Process Name="Calculate Field (2)" ToolSource="d:\desktop10.8\ArcToolbox\Toolboxes\Data Management Tools.tbx\CalculateField" Date="20220523" Time="151751">CalculateField I_rzeki_RZEKI_R_ DLUG !shape.length!/1000 PYTHON_9.3 #</Process><Process Name="Calculate Field (2)" ToolSource="d:\desktop10.8\ArcToolbox\Toolboxes\Data Management Tools.tbx\CalculateField" Date="20220523" Time="151808">CalculateField I_rzeki_RZEKI_R_ DLUG !shape.length!/1000 PYTHON_9.3 #</Process><Process Name="Calculate Field (2)" ToolSource="d:\desktop10.8\ArcToolbox\Toolboxes\Data Management Tools.tbx\CalculateField" Date="20220523" Time="151825">CalculateField I_rzeki_RZEKI_R_ DLUG !shape.length!/1000 PYTHON_9.3 #</Process><Process Name="Calculate Field (2)" ToolSource="d:\desktop10.8\ArcToolbox\Toolboxes\Data Management Tools.tbx\CalculateField" Date="20220523" Time="151843">CalculateField I_rzeki_RZEKI_R_ DLUG !shape.length!/1000 PYTHON_9.3 #</Process><Process Name="Calculate Field (2)" ToolSource="d:\desktop10.8\ArcToolbox\Toolboxes\Data Management Tools.tbx\CalculateField" Date="20220523" Time="151904">CalculateField I_rzeki_RZEKI_R_ DLUG !shape.length!/1000 PYTHON_9.3 #</Process><Process ToolSource="d:\desktop10.8\ArcToolbox\Toolboxes\Data Management Tools.tbx\Project" Date="20220524" Time="192212">Project rzeki D:\Geoinformatyka\SEM_VI\Podstawy_geoprzetwarzania\zaliczenie\1_projekt_dane\cala_Polska\rzeki92.shp PROJCS['ETRS_1989_Poland_CS92',GEOGCS['GCS_ETRS_1989',DATUM['D_ETRS_1989',SPHEROID['GRS_1980',6378137.0,298.257222101]],PRIMEM['Greenwich',0.0],UNIT['Degree',0.0174532925199433]],PROJECTION['Transverse_Mercator'],PARAMETER['False_Easting',500000.0],PARAMETER['False_Northing',-5300000.0],PARAMETER['Central_Meridian',19.0],PARAMETER['Scale_Factor',0.9993],PARAMETER['Latitude_Of_Origin',0.0],UNIT['Meter',1.0]] # PROJCS['Transverse_Mercator',GEOGCS['GCS_GRS 1980(IUGG, 1980)',DATUM['D_unknown',SPHEROID['GRS80',6378137.0,298.257222101]],PRIMEM['Greenwich',0.0],UNIT['Degree',0.0174532925199433]],PROJECTION['Transverse_Mercator'],PARAMETER['false_easting',500000.0],PARAMETER['false_northing',-5300000.0],PARAMETER['central_meridian',19.0],PARAMETER['scale_factor',0.9993],PARAMETER['latitude_of_origin',0.0],UNIT['Meter',1.0]] NO_PRESERVE_SHAPE # NO_VERTICAL</Process><Process Name="Calculate Field (2)" ToolSource="d:\desktop10.8\ArcToolbox\Toolboxes\Data Management Tools.tbx\CalculateField" Date="20220527" Time="141547">CalculateField I_rzeki92_RZEKI_R_ DLUG !shape.length!/1000 PYTHON_9.3 #</Process><Process Name="Calculate Field (2)" ToolSource="d:\desktop10.8\ArcToolbox\Toolboxes\Data Management Tools.tbx\CalculateField" Date="20220527" Time="141550">CalculateField I_rzeki92_RZEKI_R_ DLUG !shape.length!/1000 PYTHON_9.3 #</Process><Process Name="Calculate Field (2)" ToolSource="d:\desktop10.8\ArcToolbox\Toolboxes\Data Management Tools.tbx\CalculateField" Date="20220527" Time="141552">CalculateField I_rzeki92_RZEKI_R_ DLUG !shape.length!/1000 PYTHON_9.3 #</Process><Process Name="Calculate Field (2)" ToolSource="d:\desktop10.8\ArcToolbox\Toolboxes\Data Management Tools.tbx\CalculateField" Date="20220527" Time="141554">CalculateField I_rzeki92_RZEKI_R_ DLUG !shape.length!/1000 PYTHON_9.3 #</Process><Process Name="Calculate Field (2)" ToolSource="d:\desktop10.8\ArcToolbox\Toolboxes\Data Management Tools.tbx\CalculateField" Date="20220527" Time="141557">CalculateField I_rzeki92_RZEKI_R_ DLUG !shape.length!/1000 PYTHON_9.3 #</Process><Process Name="Calculate Field (2)" ToolSource="d:\desktop10.8\ArcToolbox\Toolboxes\Data Management Tools.tbx\CalculateField" Date="20220527" Time="141559">CalculateField I_rzeki92_RZEKI_R_ DLUG !shape.length!/1000 PYTHON_9.3 #</Process><Process Name="Calculate Field (2)" ToolSource="d:\desktop10.8\ArcToolbox\Toolboxes\Data Management Tools.tbx\CalculateField" Date="20220527" Time="141601">CalculateField I_rzeki92_RZEKI_R_ DLUG !shape.length!/1000 PYTHON_9.3 #</Process><Process Name="Calculate Field (2)" ToolSource="d:\desktop10.8\ArcToolbox\Toolboxes\Data Management Tools.tbx\CalculateField" Date="20220527" Time="141603">CalculateField I_rzeki92_RZEKI_R_ DLUG !shape.length!/1000 PYTHON_9.3 #</Process><Process Name="Calculate Field (2)" ToolSource="d:\desktop10.8\ArcToolbox\Toolboxes\Data Management Tools.tbx\CalculateField" Date="20220527" Time="141605">CalculateField I_rzeki92_RZEKI_R_ DLUG !shape.length!/1000 PYTHON_9.3 #</Process><Process Name="Calculate Field (2)" ToolSource="d:\desktop10.8\ArcToolbox\Toolboxes\Data Management Tools.tbx\CalculateField" Date="20220527" Time="141607">CalculateField I_rzeki92_RZEKI_R_ DLUG !shape.length!/1000 PYTHON_9.3 #</Process><Process Name="Calculate Field (2)" ToolSource="d:\desktop10.8\ArcToolbox\Toolboxes\Data Management Tools.tbx\CalculateField" Date="20220527" Time="141609">CalculateField I_rzeki92_RZEKI_R_ DLUG !shape.length!/1000 PYTHON_9.3 #</Process></lineage><itemProps><itemLocation><linkage Sync="TRUE">file://\\AGATALAPTOP\D$\Geoinformatyka\SEM_VI\Podstawy_geoprzetwarzania\zaliczenie\projekt_zaliczeniowy_aknec\1_projekt_dane\dane_mniejsze2\rzeki92</linkage><protocol Sync="TRUE">Local Area Network</protocol></itemLocation></itemProps><copyHistory><copy source="D:\Geoinformatyka\SEM_VI\Podstawy_geoprzetwarzania\zaliczenie\projekt_zaliczeniowy_aknec\1_projekt_dane\dane_mniejsze\rzeki92" dest="\\AGATALAPTOP\D$\Geoinformatyka\SEM_VI\Podstawy_geoprzetwarzania\zaliczenie\projekt_zaliczeniowy_aknec\1_projekt_dane\dane_mniejsze2\rzeki92" date="20220528" time="17184800"></copy></copyHistory></DataProperties></Esri></metadata>
