<?xml version="1.0" encoding="UTF-8"?>
<metadata xml:lang="pl"><Esri><CreaDate>20220528</CreaDate><CreaTime>15121400</CreaTime><ArcGISFormat>1.0</ArcGISFormat><SyncOnce>TRUE</SyncOnce><DataProperties><itemProps><itemLocation><linkage Sync="TRUE">file://\\AGATALAPTOP\D$\Geoinformatyka\SEM_VI\Podstawy_geoprzetwarzania\zaliczenie\projekt_zaliczeniowy_aknec\1_projekt_dane\dane_mniejsze\polska_dem_200.tif</linkage><protocol Sync="TRUE">Local Area Network</protocol></itemLocation></itemProps><copyHistory><copy source="D:\Geoinformatyka\SEM_VI\Podstawy_geoprzetwarzania\zaliczenie\projekt_zaliczeniowy_aknec\1_projekt_dane\cala_Polska\polska_dem_200.tif" dest="\\AGATALAPTOP\D$\Geoinformatyka\SEM_VI\Podstawy_geoprzetwarzania\zaliczenie\projekt_zaliczeniowy_aknec\1_projekt_dane\dane_mniejsze\polska_dem_200.tif" date="20220528" time="15121400"></copy></copyHistory></DataProperties></Esri></metadata>
